Mon Apr 15 2019,2019,3,15,1
Tue Apr 16 2019,2019,3,16,3
Wed Apr 17 2019,2019,3,17,3
Thu Apr 18 2019,2019,3,18,3
Fri Apr 19 2019,2019,3,19,4
Sat Apr 20 2019,2019,3,20,4
Sun Apr 21 2019,2019,3,21,4
Mon Apr 22 2019,2019,3,22,4
Tue Apr 23 2019,2019,3,23,4
Wed Apr 24 2019,2019,3,24,14
Thu Apr 25 2019,2019,3,25,14
Fri Apr 26 2019,2019,3,26,14
Sat Apr 27 2019,2019,3,27,15
Sun Apr 28 2019,2019,3,28,18
Mon Apr 29 2019,2019,3,29,19
Tue Apr 30 2019,2019,3,30,20
Wed May 01 2019,2019,4,1,20
Thu May 02 2019,2019,4,2,20
Fri May 03 2019,2019,4,3,20
Sat May 04 2019,2019,4,4,20
Sun May 05 2019,2019,4,5,20
Mon May 06 2019,2019,4,6,20
Tue May 07 2019,2019,4,7,20
Wed May 08 2019,2019,4,8,43
Thu May 09 2019,2019,4,9,61
Fri May 10 2019,2019,4,10,76
Sat May 11 2019,2019,4,11,76
Sun May 12 2019,2019,4,12,87
Mon May 13 2019,2019,4,13,87
Tue May 14 2019,2019,4,14,89
Wed May 15 2019,2019,4,15,94
Thu May 16 2019,2019,4,16,104
Fri May 17 2019,2019,4,17,106
Sat May 18 2019,2019,4,18,111
Sun May 19 2019,2019,4,19,115
Mon May 20 2019,2019,4,20,119
Tue May 21 2019,2019,4,21,119
Wed May 22 2019,2019,4,22,119
Thu May 23 2019,2019,4,23,119
Fri May 24 2019,2019,4,24,119
Sat May 25 2019,2019,4,25,119
Sun May 26 2019,2019,4,26,119
Mon May 27 2019,2019,4,27,119
Tue May 28 2019,2019,4,28,119
Wed May 29 2019,2019,4,29,119
Thu May 30 2019,2019,4,30,119
